,Feature,Test,Statistic,P-Value,Significant
0,Nscore,ANOVA,11.318085947921704,1.3226180712434634e-05,***
1,Escore,ANOVA,0.5574625933412752,0.5727792061063113,No
2,Oscore,ANOVA,159.833505873556,1.229566564122306e-63,***
3,Ascore,ANOVA,27.704626107568757,1.5328577685457643e-12,***
4,Cscore,ANOVA,56.61235538899306,1.9931762750475474e-24,***
5,Impulsive,Kruskal-Wallis,172.25325714695137,3.9416718483384036e-38,***
6,SS,Kruskal-Wallis,355.2693591514963,7.148894131262158e-78,***
