,Feature,Z_Outlier_Count,Z_Outlier_Percentage
0,Nscore,4,0.26666666666666666
1,Escore,1,0.06666666666666667
2,Oscore,0,0.0
3,Ascore,4,0.26666666666666666
4,Cscore,3,0.2
5,Impulsive,1,0.06666666666666667
6,SS,0,0.0
