,Feature,Chi-Square,P-Value,DOF,Significant
0,Age,285.5908858017863,1.7203766422456813e-55,10,***
1,Gender,173.68916924373065,1.922543236570601e-38,2,***
2,Education,231.87609818627604,2.6466199135393243e-40,16,***
3,Country,430.3474416463845,1.4001270053325226e-84,12,***
4,Ethnicity,43.23274376006427,2.0619740376466268e-05,12,***
