,Feature,Eta-Squared,Effect Size
0,Nscore,0.014905592474848522,Small
1,Escore,0.0007447158317144711,Small
2,Oscore,0.17606037322863227,Large
3,Ascore,0.035715432363203084,Small
4,Cscore,0.0703597887974554,Medium
5,Impulsive,0.11014367112794238,Medium
6,SS,0.2283282308848247,Large
