,Nscore,Nscore,Nscore,Nscore,Nscore,Escore,Escore,Escore,Escore,Escore,Oscore,Oscore,Oscore,Oscore,Oscore,Ascore,Ascore,Ascore,Ascore,Ascore,Cscore,Cscore,Cscore,Cscore,Cscore,Impulsive,Impulsive,Impulsive,Impulsive,Impulsive,SS,SS,SS,SS,SS
,mean,median,std,min,max,mean,median,std,min,max,mean,median,std,min,max,mean,median,std,min,max,mean,median,std,min,max,mean,median,std,min,max,mean,median,std,min,max
drug_category,,,,,,,,,,,,,,,,,,,,,,,,,,,,,,,,,,,
Depressants,0.08240454545454545,0.13606,1.0557770830300555,-2.75696,2.82196,-0.027765123966942157,-0.15487,0.9423245413132291,-2.11437,3.00537,-0.027394876033057843,-0.01928,0.9525299691673839,-2.63199,2.44904,-0.11406161157024793,-0.01729,0.9730032077921125,-2.70172,2.46262,-0.05127847107438017,-0.00665,0.9899202988939984,-2.72827,2.63199,0.024198925619834735,-0.21712,0.9410237807369873,-2.55524,2.90161,-0.060585991735537185,-0.21575,0.866147153531185,-2.07848,1.92173
Hallucinogens,0.11140094066570187,0.13606,1.0256151822181456,-3.46436,3.27393,-0.00797874095513749,0.00332,1.0544807025398772,-3.27393,3.27393,0.41853066570188135,0.44585,0.9080272179106268,-2.8595,2.90161,-0.18156668596237335,-0.15487,1.027049039512121,-3.46436,3.46436,-0.2637276231884058,-0.27607,0.9975744991049987,-3.15735,3.00537,0.32602370477568743,0.19268,0.9575613092124946,-2.55524,10.0,0.4672804775687409,0.40148,0.8460571879801981,-2.07848,1.92173
Stimulants,-0.14786810954063603,-0.14882,0.9322958971846839,-2.75696,3.27393,0.07706155477031801,0.00332,2.2874985868745306,-3.27393,50.0,-0.491015406360424,-0.58331,0.8604162092301264,-2.63199,2.15324,0.21910489399293284,0.13136,0.904716934988379,-2.21844,3.15735,0.3347631569664903,0.41594,0.9947207489776864,-10.0,3.46436,-0.39348694346289753,-0.21712,0.8984405099472965,-2.55524,1.86203,-0.5432182186948854,-0.52593,0.844519962332399,-2.07848,1.92173
