Feature,Mean_Before,Mean_After,Mean_Change_%,Std_Before,Std_After,Std_Change_%
Nscore,0.008823615743829219,0.007931219998943674,10.11371948636408,1.003331516367771,1.003592109967024,0.02597283101366181
Escore,0.020936871247498344,-0.0116072201869837,155.43913438532797,1.6219076077194992,0.9810029402078306,39.515485620837524
Oscore,0.003109012675116758,0.002541871258335476,18.241849617418595,0.9884256468179128,0.9883400099944448,0.008663962104145655
Ascore,-0.019381000667111403,-0.01894284096432809,2.2607692466924574,0.990944491216551,0.9907592424571834,0.018694161076593406
Cscore,-0.00304919279519679,0.004174700318639797,236.91165495392585,1.0315524660512285,0.9985125555677562,3.202930686594036
Impulsive,0.005620353569046045,-0.0007707210236095653,113.71303449402706,0.9883605192668661,0.9546142495928365,3.4143684431123873
SS,0.00014951333333333374,0.00014951333333333374,0.0,0.9655415157691972,0.9655415157691972,0.0
