Feature,Missing_Count,Missing_Percentage,Data_Type
Education,20,1.3333333333333335,float64
Age,2,0.13333333333333333,float64
Country,2,0.13333333333333333,float64
Gender,1,0.06666666666666667,float64
Nscore,1,0.06666666666666667,float64
Escore,1,0.06666666666666667,float64
Oscore,1,0.06666666666666667,float64
Ascore,1,0.06666666666666667,float64
Cscore,1,0.06666666666666667,float64
Impulsive,1,0.06666666666666667,float64
