Feature,Outlier_Count_Z3,Outlier_Percentage_Z3
Nscore,4,0.26666666666666666
Ascore,4,0.26666666666666666
Cscore,3,0.2
Impulsive,1,0.06666666666666667
Escore,1,0.06666666666666667
Oscore,0,0.0
SS,0,0.0
