,count,mean,std,min,25%,50%,75%,max,skewness,kurtosis,missing,missing_pct
Nscore,1499.0,0.008823615743829219,1.003331516367771,-3.46436,-0.67825,0.04257,0.62967,3.27393,-0.016543316381220637,-0.010992799387243846,1,0.06666666666666667
Escore,1499.0,0.020936871247498344,1.6219076077194992,-3.27393,-0.69509,0.00332,0.63779,50.0,19.536123095714032,601.7247987378049,1,0.06666666666666667
Oscore,1499.0,0.003109012675116758,0.9884256468179128,-2.8595,-0.71727,-0.01928,0.7233,2.90161,0.042324616144725956,-0.14338268614016414,1,0.06666666666666667
Ascore,1499.0,-0.019381000667111403,0.990944491216551,-3.46436,-0.60633,-0.01729,0.59042,3.46436,0.024290780122917327,0.06505297965087964,1,0.06666666666666667
Cscore,1499.0,-0.00304919279519679,1.0315524660512285,-10.0,-0.65253,-0.00665,0.7583,3.46436,-0.5848780204981169,5.398032062814842,1,0.06666666666666667
Impulsive,1499.0,0.005620353569046045,0.9883605192668661,-2.55524,-0.71126,-0.21712,0.52975,10.0,0.7661513802952937,6.357959441029244,1,0.06666666666666667
SS,1500.0,0.00014951333333333374,0.9655415157691972,-2.07848,-0.52593,0.07987,0.7654,1.92173,-0.04815986701753809,-0.4495681089800061,0,0.0
