Feature,Lower_Bound,Upper_Bound,Outlier_Count,Outlier_Percentage,Min_Value,Max_Value
Ascore,-2.4014550000000003,2.385545,24,1.6,-3.46436,3.46436
Nscore,-2.64013,2.59155,16,1.0666666666666667,-3.46436,3.27393
Escore,-2.6944099999999995,2.63711,12,0.8,-3.27393,50.0
Impulsive,-2.572775,2.391265,7,0.46666666666666673,-2.55524,10.0
Oscore,-2.8781250000000003,2.8841550000000002,6,0.4,-2.8595,2.90161
Cscore,-2.768775,2.8745450000000003,5,0.33333333333333337,-10.0,3.46436
SS,-2.462925,2.7023949999999997,0,0.0,-2.07848,1.92173
